{"Sample": 510, "F1 Weighted": 0.5763319234567619, "F1 Macro": 0.48628279324518237, "Accuracy": 0.4235294117647059, "F1 Micro": 0.5928143712574849}